RMSD(ArbAlign),nameA,nameB,time
0.32054196237103044,10-1,10-2,0.016073942184448242
0.3785734400835834,50-1,50-2,0.27556896209716797
0.2122750424691451,100-1,100-2,1.086961030960083
0.2983410363312043,150-1,150-2,2.4087631702423096
0.5357185285891831,200-1,200-2,4.436614990234375
0.1217026131188734,300-1,300-2,9.480930089950562
0.5135742563836682,500-1,500-2,28.93394708633423
0.2214082418401077,1000-1,1000-2,108.9633162021637
