nameA,nameB,RMSD(OTMol),alpha,assignment
CEJSUF_fixed_backbone.xyz,RUQVAB_fixed_backbone.xyz,1.5504866333500154,1.0,[12 13 10 11  8  9  6  7  4  5  2  3  0  1 14 15]
CGPSAQ_fixed_backbone.xyz,FUDWIK_fixed_backbone.xyz,1.261873414259203,1.0,[ 4  5  6  7  8  9 10 11 12 13 14 15 16 17 18 19  0  1  2  3]
BUYXOI_fixed_backbone.xyz,GGAAGG_fixed_backbone.xyz,1.4511653184839268,1.0,[18 16 19 17 20 23 22 21  0  3  2  1  4  7  6  5  8 11 10  9 12 15 14 13]
JUXHAL_fixed_backbone.xyz,ZORRED_fixed_backbone.xyz,1.5197205655505823,1.0,"[20 17 14 15 16 13 10 11 12  9  6  7  8  5  2  3  4  1 26 27  0 25 22 23
 24 21 18 19]"
NIWHEH_fixed_backbone.xyz,cNPF_NMR_backbone.xyz,1.8374524303583926,1.0,"[28 26 25 27 24 22 21 23 20 18 17 15 16 14 13 11 12 10  9  7  8  6  5  3
  4  2  1 31  0 30 29 19]"
